category,subcategory
https://www.personality-database.com/category/1/Pop-Culture/mbti-personality-type,https://www.personality-database.com/subcategory/3392/people-of-classic-hollywood-pop-culture-mbti-personality-type
https://www.personality-database.com/category/1/Pop-Culture/mbti-personality-type,https://www.personality-database.com/subcategory/13/actors-usa-pop-culture-mbti-personality-type
https://www.personality-database.com/category/1/Pop-Culture/mbti-personality-type,https://www.personality-database.com/subcategory/25/actresses-usa-pop-culture-mbti-personality-type
https://www.personality-database.com/category/1/Pop-Culture/mbti-personality-type,https://www.personality-database.com/subcategory/3424/actors-british-isles-pop-culture-mbti-personality-type
https://www.personality-database.com/category/1/Pop-Culture/mbti-personality-type,https://www.personality-database.com/subcategory/4336/actresses-british-isles-pop-culture-mbti-personality-type
https://www.personality-database.com/category/1/Pop-Culture/mbti-personality-type,https://www.personality-database.com/subcategory/3423/actors-actresses-canada-pop-culture-mbti-personality-type
https://www.personality-database.com/category/1/Pop-Culture/mbti-personality-type,https://www.personality-database.com/subcategory/3426/actors-actresses-oceania-pop-culture-mbti-personality-type
https://www.personality-database.com/category/1/Pop-Culture/mbti-personality-type,https://www.personality-database.com/subcategory/3427/actors-actresses-asia-pop-culture-mbti-personality-type
https://www.personality-database.com/category/1/Pop-Culture/mbti-personality-type,https://www.personality-database.com/subcategory/3425/actors-actresses-europe-pop-culture-mbti-personality-type
https://www.personality-database.com/category/1/Pop-Culture/mbti-personality-type,https://www.personality-database.com/subcategory/3433/actors-actresses-latin-america-pop-culture-mbti-personality-type
https://www.personality-database.com/category/1/Pop-Culture/mbti-personality-type,https://www.personality-database.com/subcategory/3432/actors-actresses-world-pop-culture-mbti-personality-type
https://www.personality-database.com/category/1/Pop-Culture/mbti-personality-type,https://www.personality-database.com/subcategory/3850/comedians-pop-culture-mbti-personality-type
https://www.personality-database.com/category/1/Pop-Culture/mbti-personality-type,https://www.personality-database.com/subcategory/349/famous-for-being-famous-pop-culture-mbti-personality-type
https://www.personality-database.com/category/1/Pop-Culture/mbti-personality-type,https://www.personality-database.com/subcategory/207/film-tv-crew-pop-culture-mbti-personality-type
https://www.personality-database.com/category/1/Pop-Culture/mbti-personality-type,https://www.personality-database.com/subcategory/85/hosts-presenters-pop-culture-mbti-personality-type
https://www.personality-database.com/category/1/Pop-Culture/mbti-personality-type,https://www.personality-database.com/subcategory/275/models-pop-culture-mbti-personality-type
https://www.personality-database.com/category/1/Pop-Culture/mbti-personality-type,https://www.personality-database.com/subcategory/118/performers-pop-culture-mbti-personality-type
https://www.personality-database.com/category/10/Noteworthy/mbti-personality-type,https://www.personality-database.com/subcategory/94/criminals-noteworthy-mbti-personality-type
https://www.personality-database.com/category/10/Noteworthy/mbti-personality-type,https://www.personality-database.com/subcategory/4616/educators-noteworthy-mbti-personality-type
https://www.personality-database.com/category/10/Noteworthy/mbti-personality-type,https://www.personality-database.com/subcategory/635/mythical-noteworthy-mbti-personality-type
https://www.personality-database.com/category/10/Noteworthy/mbti-personality-type,https://www.personality-database.com/subcategory/350/news-journalists-noteworthy-mbti-personality-type
https://www.personality-database.com/category/10/Noteworthy/mbti-personality-type,https://www.personality-database.com/subcategory/2570/people-of-law-noteworthy-mbti-personality-type
https://www.personality-database.com/category/10/Noteworthy/mbti-personality-type,https://www.personality-database.com/subcategory/3097/technology-gaming-noteworthy-mbti-personality-type
https://www.personality-database.com/category/14/Music/mbti-personality-type,https://www.personality-database.com/subcategory/1549/musicians-usa-male-music-by-region-music-mbti-personality-type
https://www.personality-database.com/category/14/Music/mbti-personality-type,https://www.personality-database.com/subcategory/2301/musicians-usa-female-music-by-region-music-mbti-personality-type
https://www.personality-database.com/category/14/Music/mbti-personality-type,https://www.personality-database.com/subcategory/1550/musicians-british-isles-music-by-region-music-mbti-personality-type
https://www.personality-database.com/category/14/Music/mbti-personality-type,https://www.personality-database.com/subcategory/2294/musicians-canada-music-by-region-music-mbti-personality-type
https://www.personality-database.com/category/14/Music/mbti-personality-type,https://www.personality-database.com/subcategory/1601/musicians-latin-american-music-by-region-music-mbti-personality-type
https://www.personality-database.com/category/14/Music/mbti-personality-type,https://www.personality-database.com/subcategory/1551/musicians-europe-music-by-region-music-mbti-personality-type
https://www.personality-database.com/category/14/Music/mbti-personality-type,https://www.personality-database.com/subcategory/1548/musicians-south-korea-kpop-music-by-region-music-mbti-personality-type
https://www.personality-database.com/category/14/Music/mbti-personality-type,https://www.personality-database.com/subcategory/1884/musicians-oceania-music-by-region-music-mbti-personality-type
https://www.personality-database.com/category/14/Music/mbti-personality-type,https://www.personality-database.com/subcategory/1553/musicians-world-music-by-region-music-mbti-personality-type
https://www.personality-database.com/category/14/Music/mbti-personality-type,https://www.personality-database.com/subcategory/2859/musicians-africa-music-by-region-music-mbti-personality-type
https://www.personality-database.com/category/14/Music/mbti-personality-type,https://www.personality-database.com/subcategory/3047/musicians-asia-music-by-region-music-mbti-personality-type
https://www.personality-database.com/category/14/Music/mbti-personality-type,https://www.personality-database.com/subcategory/732/classical-music-music-mbti-personality-type
https://www.personality-database.com/category/14/Music/mbti-personality-type,https://www.personality-database.com/subcategory/1554/composers-of-the-movies-music-mbti-personality-type
https://www.personality-database.com/category/6/Political/mbti-personality-type,https://www.personality-database.com/subcategory/12/presidents-of-the-usa-political-mbti-personality-type
https://www.personality-database.com/category/6/Political/mbti-personality-type,https://www.personality-database.com/subcategory/270/activists-political-mbti-personality-type
https://www.personality-database.com/category/6/Political/mbti-personality-type,https://www.personality-database.com/subcategory/2059/government-africa-political-mbti-personality-type
https://www.personality-database.com/category/6/Political/mbti-personality-type,https://www.personality-database.com/subcategory/2057/governmentasia-political-mbti-personality-type
https://www.personality-database.com/category/6/Political/mbti-personality-type,https://www.personality-database.com/subcategory/2056/governmenteurope-political-mbti-personality-type
https://www.personality-database.com/category/6/Political/mbti-personality-type,https://www.personality-database.com/subcategory/2058/governmentlatin-america-political-mbti-personality-type
https://www.personality-database.com/category/6/Political/mbti-personality-type,https://www.personality-database.com/subcategory/357/governmentusa-political-mbti-personality-type
https://www.personality-database.com/category/6/Political/mbti-personality-type,https://www.personality-database.com/subcategory/268/governmentworld-political-mbti-personality-type
https://www.personality-database.com/category/6/Political/mbti-personality-type,https://www.personality-database.com/subcategory/4735/other-contemporary-political-figures-political-mbti-personality-type
https://www.personality-database.com/category/6/Political/mbti-personality-type,https://www.personality-database.com/subcategory/355/politically-controversial-political-mbti-personality-type
https://www.personality-database.com/category/6/Political/mbti-personality-type,https://www.personality-database.com/subcategory/356/radicals-political-mbti-personality-type
https://www.personality-database.com/category/6/Political/mbti-personality-type,https://www.personality-database.com/subcategory/3405/royal-family-political-mbti-personality-type
https://www.personality-database.com/category/5/Sports/mbti-personality-type,https://www.personality-database.com/subcategory/3467/wrestling-wwe-wwf-sports-mbti-personality-type
https://www.personality-database.com/category/5/Sports/mbti-personality-type,https://www.personality-database.com/subcategory/24/football-american-sports-mbti-personality-type
https://www.personality-database.com/category/5/Sports/mbti-personality-type,https://www.personality-database.com/subcategory/23/football-soccer-sports-mbti-personality-type
https://www.personality-database.com/category/5/Sports/mbti-personality-type,https://www.personality-database.com/subcategory/53/tennis-sports-mbti-personality-type
https://www.personality-database.com/category/5/Sports/mbti-personality-type,https://www.personality-database.com/subcategory/11/baseball-sports-mbti-personality-type
https://www.personality-database.com/category/5/Sports/mbti-personality-type,https://www.personality-database.com/subcategory/22/basketball-sports-mbti-personality-type
https://www.personality-database.com/category/5/Sports/mbti-personality-type,https://www.personality-database.com/subcategory/377/boxing-sports-mbti-personality-type
https://www.personality-database.com/category/5/Sports/mbti-personality-type,https://www.personality-database.com/subcategory/2245/car-racing-sports-mbti-personality-type
https://www.personality-database.com/category/5/Sports/mbti-personality-type,https://www.personality-database.com/subcategory/3546/martial-arts-sports-mbti-personality-type
https://www.personality-database.com/category/5/Sports/mbti-personality-type,https://www.personality-database.com/subcategory/485/mma-sports-mbti-personality-type
https://www.personality-database.com/category/5/Sports/mbti-personality-type,https://www.personality-database.com/subcategory/3406/bodybuilding-sports-mbti-personality-type
https://www.personality-database.com/category/5/Sports/mbti-personality-type,https://www.personality-database.com/subcategory/3013/chess-sports-mbti-personality-type
https://www.personality-database.com/category/5/Sports/mbti-personality-type,https://www.personality-database.com/subcategory/4027/climbing-sports-mbti-personality-type
https://www.personality-database.com/category/5/Sports/mbti-personality-type,https://www.personality-database.com/subcategory/2287/cycling-sports-mbti-personality-type
https://www.personality-database.com/category/5/Sports/mbti-personality-type,https://www.personality-database.com/subcategory/354/figure-skating-sports-mbti-personality-type
https://www.personality-database.com/category/5/Sports/mbti-personality-type,https://www.personality-database.com/subcategory/52/golf-sports-mbti-personality-type
https://www.personality-database.com/category/5/Sports/mbti-personality-type,https://www.personality-database.com/subcategory/54/hockey-sports-mbti-personality-type
https://www.personality-database.com/category/5/Sports/mbti-personality-type,https://www.personality-database.com/subcategory/3154/hosts-analysts-commentators-sports-mbti-personality-type
https://www.personality-database.com/category/5/Sports/mbti-personality-type,https://www.personality-database.com/subcategory/457/poker-sports-mbti-personality-type
https://www.personality-database.com/category/5/Sports/mbti-personality-type,https://www.personality-database.com/subcategory/1365/skiing-sports-mbti-personality-type
https://www.personality-database.com/category/5/Sports/mbti-personality-type,https://www.personality-database.com/subcategory/440/swimming-sports-mbti-personality-type
https://www.personality-database.com/category/5/Sports/mbti-personality-type,https://www.personality-database.com/subcategory/3189/track-field-sports-mbti-personality-type
https://www.personality-database.com/category/5/Sports/mbti-personality-type,https://www.personality-database.com/subcategory/1046/weightlifting-strongmen-sports-mbti-personality-type
https://www.personality-database.com/category/16/The-Arts/mbti-personality-type,https://www.personality-database.com/subcategory/592/artists-the-arts-mbti-personality-type
https://www.personality-database.com/category/16/The-Arts/mbti-personality-type,https://www.personality-database.com/subcategory/4456/artists-animators-the-arts-mbti-personality-type
https://www.personality-database.com/category/16/The-Arts/mbti-personality-type,https://www.personality-database.com/subcategory/3440/artists-comics-the-arts-mbti-personality-type
https://www.personality-database.com/category/16/The-Arts/mbti-personality-type,https://www.personality-database.com/subcategory/875/culinary-arts-the-arts-mbti-personality-type
https://www.personality-database.com/category/16/The-Arts/mbti-personality-type,https://www.personality-database.com/subcategory/3553/fashion-designers-the-arts-mbti-personality-type
https://www.personality-database.com/category/16/The-Arts/mbti-personality-type,https://www.personality-database.com/subcategory/3469/renaissance-men-the-arts-mbti-personality-type
https://www.personality-database.com/category/16/The-Arts/mbti-personality-type,https://www.personality-database.com/subcategory/3441/writers-comics-the-arts-mbti-personality-type
https://www.personality-database.com/category/16/The-Arts/mbti-personality-type,https://www.personality-database.com/subcategory/3458/writers-literature-classic-the-arts-mbti-personality-type
https://www.personality-database.com/category/16/The-Arts/mbti-personality-type,https://www.personality-database.com/subcategory/82/writers-literature-modern-the-arts-mbti-personality-type
https://www.personality-database.com/category/21/Science/mbti-personality-type,https://www.personality-database.com/subcategory/3465/biology-medicine-science-mbti-personality-type
https://www.personality-database.com/category/21/Science/mbti-personality-type,https://www.personality-database.com/subcategory/3462/chemistry-science-mbti-personality-type
https://www.personality-database.com/category/21/Science/mbti-personality-type,https://www.personality-database.com/subcategory/3475/computer-science-science-mbti-personality-type
https://www.personality-database.com/category/21/Science/mbti-personality-type,https://www.personality-database.com/subcategory/3460/economics-science-mbti-personality-type
https://www.personality-database.com/category/21/Science/mbti-personality-type,https://www.personality-database.com/subcategory/3461/engineers-inventors-science-mbti-personality-type
https://www.personality-database.com/category/21/Science/mbti-personality-type,https://www.personality-database.com/subcategory/3459/mathematics-science-mbti-personality-type
https://www.personality-database.com/category/21/Science/mbti-personality-type,https://www.personality-database.com/subcategory/3472/naturalism-science-mbti-personality-type
https://www.personality-database.com/category/21/Science/mbti-personality-type,https://www.personality-database.com/subcategory/3457/philosophy-science-mbti-personality-type
https://www.personality-database.com/category/21/Science/mbti-personality-type,https://www.personality-database.com/subcategory/3456/physics-astronomy-science-mbti-personality-type
https://www.personality-database.com/category/21/Science/mbti-personality-type,https://www.personality-database.com/subcategory/3477/polymaths-science-mbti-personality-type
https://www.personality-database.com/category/21/Science/mbti-personality-type,https://www.personality-database.com/subcategory/3455/psychology-neuroscience-science-mbti-personality-type
https://www.personality-database.com/category/17/Business/mbti-personality-type,https://www.personality-database.com/subcategory/274/business-business-mbti-personality-type
https://www.personality-database.com/category/17/Business/mbti-personality-type,https://www.personality-database.com/subcategory/57/technology-business-mbti-personality-type
https://www.personality-database.com/category/18/Religion/mbti-personality-type,https://www.personality-database.com/subcategory/3509/american-leaders-modern-religion-religion-mbti-personality-type
https://www.personality-database.com/category/18/Religion/mbti-personality-type,https://www.personality-database.com/subcategory/3510/eastern-leaders-modern-religion-religion-mbti-personality-type
https://www.personality-database.com/category/18/Religion/mbti-personality-type,https://www.personality-database.com/subcategory/3507/evangelists-modern-religion-religion-mbti-personality-type
https://www.personality-database.com/category/18/Religion/mbti-personality-type,https://www.personality-database.com/subcategory/3506/missionaries-modern-religion-religion-mbti-personality-type
https://www.personality-database.com/category/18/Religion/mbti-personality-type,https://www.personality-database.com/subcategory/1793/modern-religion-modern-religion-religion-mbti-personality-type
https://www.personality-database.com/category/18/Religion/mbti-personality-type,https://www.personality-database.com/subcategory/1792/biblical-figures-religious-roots-religion-mbti-personality-type
https://www.personality-database.com/category/18/Religion/mbti-personality-type,https://www.personality-database.com/subcategory/3598/religious-roots-of-asia-religious-roots-religion-mbti-personality-type
https://www.personality-database.com/category/18/Religion/mbti-personality-type,https://www.personality-database.com/subcategory/3587/religious-roots-of-egypt-religious-roots-religion-mbti-personality-type
https://www.personality-database.com/category/18/Religion/mbti-personality-type,https://www.personality-database.com/subcategory/3264/religious-roots-of-grecoroman-religious-roots-religion-mbti-personality-type
https://www.personality-database.com/category/18/Religion/mbti-personality-type,https://www.personality-database.com/subcategory/3594/religious-roots-of-indoeurope-religious-roots-religion-mbti-personality-type
https://www.personality-database.com/category/18/Religion/mbti-personality-type,https://www.personality-database.com/subcategory/3596/religious-roots-of-japan-religious-roots-religion-mbti-personality-type
https://www.personality-database.com/category/18/Religion/mbti-personality-type,https://www.personality-database.com/subcategory/3591/religious-roots-of-mesopotamia-religious-roots-religion-mbti-personality-type
https://www.personality-database.com/category/18/Religion/mbti-personality-type,https://www.personality-database.com/subcategory/3588/religious-roots-of-scandinavia-religious-roots-religion-mbti-personality-type
https://www.personality-database.com/category/18/Religion/mbti-personality-type,https://www.personality-database.com/subcategory/3597/religious-roots-of-the-middle-east-religious-roots-religion-mbti-personality-type
https://www.personality-database.com/category/18/Religion/mbti-personality-type,https://www.personality-database.com/subcategory/3592/religious-roots-of-the-welsh-gaelic-or-celtic-religious-roots-religion-mbti-personality-type
https://www.personality-database.com/category/18/Religion/mbti-personality-type,https://www.personality-database.com/subcategory/3595/religious-roots-of-zoroastrianism-religious-roots-religion-mbti-personality-type
https://www.personality-database.com/category/18/Religion/mbti-personality-type,https://www.personality-database.com/subcategory/3599/early-christianity-protestantism-religion-mbti-personality-type
https://www.personality-database.com/category/18/Religion/mbti-personality-type,https://www.personality-database.com/subcategory/3508/the-popes-religion-mbti-personality-type
https://www.personality-database.com/category/18/Religion/mbti-personality-type,https://www.personality-database.com/subcategory/4355/religious-roots-of-native-american-religion-mbti-personality-type
https://www.personality-database.com/category/18/Religion/mbti-personality-type,https://www.personality-database.com/subcategory/3589/zodiac-religion-mbti-personality-type
https://www.personality-database.com/category/22/Historical/mbti-personality-type,https://www.personality-database.com/subcategory/3513/historical-figures-1900s-historical-mbti-personality-type
https://www.personality-database.com/category/22/Historical/mbti-personality-type,https://www.personality-database.com/subcategory/3512/historical-figures-1800s-historical-mbti-personality-type
https://www.personality-database.com/category/22/Historical/mbti-personality-type,https://www.personality-database.com/subcategory/3514/historical-figures-1700s-historical-mbti-personality-type
https://www.personality-database.com/category/22/Historical/mbti-personality-type,https://www.personality-database.com/subcategory/3515/historical-figures-1600s-historical-mbti-personality-type
https://www.personality-database.com/category/22/Historical/mbti-personality-type,https://www.personality-database.com/subcategory/3516/historical-figures-1500s-historical-mbti-personality-type
https://www.personality-database.com/category/22/Historical/mbti-personality-type,https://www.personality-database.com/subcategory/3517/historical-figures-middle-ages-historical-mbti-personality-type
https://www.personality-database.com/category/22/Historical/mbti-personality-type,https://www.personality-database.com/subcategory/3518/historical-figures-antiquity-historical-mbti-personality-type
https://www.personality-database.com/category/15/Internet/mbti-personality-type,https://www.personality-database.com/subcategory/4065/personality-database-internet-mbti-personality-type
https://www.personality-database.com/category/15/Internet/mbti-personality-type,https://www.personality-database.com/subcategory/3378/online-artists-animators-internet-mbti-personality-type
https://www.personality-database.com/category/15/Internet/mbti-personality-type,https://www.personality-database.com/subcategory/3384/online-asmr-artists-internet-mbti-personality-type
https://www.personality-database.com/category/15/Internet/mbti-personality-type,https://www.personality-database.com/subcategory/3375/online-comedians-internet-mbti-personality-type
https://www.personality-database.com/category/15/Internet/mbti-personality-type,https://www.personality-database.com/subcategory/3418/online-diet-fitness-internet-mbti-personality-type
https://www.personality-database.com/category/15/Internet/mbti-personality-type,https://www.personality-database.com/subcategory/3376/online-foodies-internet-mbti-personality-type
https://www.personality-database.com/category/15/Internet/mbti-personality-type,https://www.personality-database.com/subcategory/3379/online-filmmakers-internet-mbti-personality-type
https://www.personality-database.com/category/15/Internet/mbti-personality-type,https://www.personality-database.com/subcategory/3372/online-film-tv-critics-internet-mbti-personality-type
https://www.personality-database.com/category/15/Internet/mbti-personality-type,https://www.personality-database.com/subcategory/3374/online-gamers-game-critics-internet-mbti-personality-type
https://www.personality-database.com/category/15/Internet/mbti-personality-type,https://www.personality-database.com/subcategory/3377/professional-gamers-internet-mbti-personality-type
https://www.personality-database.com/category/15/Internet/mbti-personality-type,https://www.personality-database.com/subcategory/3371/online-health-beauty-fashion-lifestyle-internet-mbti-personality-type
https://www.personality-database.com/category/15/Internet/mbti-personality-type,https://www.personality-database.com/subcategory/3585/online-hosts-producers-editors-internet-mbti-personality-type
https://www.personality-database.com/category/15/Internet/mbti-personality-type,https://www.personality-database.com/subcategory/3370/online-musicians-music-critics-internet-mbti-personality-type
https://www.personality-database.com/category/15/Internet/mbti-personality-type,https://www.personality-database.com/subcategory/3583/online-mystery-horror-true-crime--internet-mbti-personality-type
https://www.personality-database.com/category/15/Internet/mbti-personality-type,https://www.personality-database.com/subcategory/3448/online-niche-content-internet-mbti-personality-type
https://www.personality-database.com/category/15/Internet/mbti-personality-type,https://www.personality-database.com/subcategory/3445/online-psychology-personal-development-internet-mbti-personality-type
https://www.personality-database.com/category/15/Internet/mbti-personality-type,https://www.personality-database.com/subcategory/3382/online-scientists-educators-internet-mbti-personality-type
https://www.personality-database.com/category/15/Internet/mbti-personality-type,https://www.personality-database.com/subcategory/3373/online-social-cultural-political-commentators-internet-mbti-personality-type
https://www.personality-database.com/category/15/Internet/mbti-personality-type,https://www.personality-database.com/subcategory/3383/online-travel-culture-vloggers-internet-mbti-personality-type
https://www.personality-database.com/category/15/Internet/mbti-personality-type,https://www.personality-database.com/subcategory/3443/online-vloggers-internet-mbti-personality-type
https://www.personality-database.com/category/15/Internet/mbti-personality-type,https://www.personality-database.com/subcategory/3529/buzzfeed-employees-internet-mbti-personality-type
https://www.personality-database.com/category/15/Internet/mbti-personality-type,https://www.personality-database.com/subcategory/3584/internet-personalities-other-internet-mbti-personality-type
https://www.personality-database.com/category/15/Internet/mbti-personality-type,https://www.personality-database.com/subcategory/3419/online-fictional-characters-internet-mbti-personality-type
